{"Params":["Параметр 1","Параметр 2","Параметр 3"],"ParamsValues":[2,3,0],"Diags":[1,0,0,0,0,0,0,0,0,0,0,0,0,0,0,0],"Path":"D:\\Projects\\Ophthalmology\\Prot\\1. Фамилия1 Имя1 Отчество1\\10.10.2018\\Левый глаз\\image.jpg","Xses":[32.668259097934524,72.12009112330901,46.770950183928115],"Yses":[54.909297974457004,48.198161555356712,27.658016757504267],"Texts":["qwerqwerqwer","xzcvxczxvc","354634563564"]}