{"Params":["Параметр 1","Параметр 2","Параметр 3"],"ParamsValues":[2,3,0],"Diags":[1,0,0,0,0,0,0,0,0,0,0,0,0,0,0,0],"Path":"D:\\Projects\\Ophthalmology\\Prot\\1. Фамилия1 Имя1 Отчество1\\10.10.2018\\Левый глаз\\image.jpg","Xses":[424.88838709677418,273.88838709677418,108.88838709677418],"Yses":[98.72,49.72,100.72],"Texts":["qwerqwerqwer","xzcvxczxvc","354634563564"]}